ground_truth,prediction
1,1
3,3
30,nan
32,32
1,1
8,nan
3,3
22,21
23,13
10,10
10,nan
11,10
45,45
11,11
20,20
11,11
25,nan
25,nan
44,11
2,2
21,21
9,9
7,nan
3,3
28,12
31,31
5,nan
9,9
24,24
10,nan
10,0
5,5
0,10
5,5
5,5
nan,nan
9,10
5,12
3,3
1,nan
33,nan
0,nan
2,nan
1,nan
10,10
0,nan
11,nan
7,nan
1,1
2,10000000000000000
25,nan
nan,10
34,10
nan,10
5,5
17,7
00,17
10,1
11,11
50,nan
23,22
21,nan
17,11
2,nan
8,nan
13,10
7,nan
11,11
9,nan
8,nan
32,31
35,nan
nan,7
5,5
0,10
23,10
20,nan
22,10
19,19
1,11
5,5
2,nan
13,18
43,43
9,9
5,nan
11,12
7,1234
11,10
2,nan
3,nan
30,1
13,nan
10,12
0,0
5,5
40,40
3,11
1,1
4,nan
0,0
21,nan
0,0
17,10
4,nan
27,nan
26,2
10,10
12,12
33,nan
18,nan
11,11
17,17
21,12
1,nan
8,8
00,nan
00,11
40,40
1,nan
nan,7
nan,nan
20,20
1,12
24,12
22,nan
10,10
18,15
21,2
0,nan
20,7
3,3
8,nan
2,2
12,12
45,45
8,8
16,16
22,33
28,nan
5,nan
0,nan
2,nan
13,13
20,nan
22,22
30,30
16,16
9,nan
23,23
8,8
7,7
7,10
43,15
8,12
14,10
28,10
23,nan
55,12
24,nan
20,10
3,3
nan,12
35,35
33,33
7,nan
24,nan
9,nan
10,10
23,10
5,nan
00,20
nan,12
22,22
13,nan
35,nan
3,10
0,12
0,nan
24,21
8,8
8,6
8,nan
8,nan
4,10
31,31
22,nan
4,12
0,0
23,23
24,20
45,45
13,15
0,0
24,nan
4,7
10,12
3,9
1,nan
10,nan
8,nan
15,15
9,9
12,12
30,30
8,nan
9,9
25,25
77,nan
11,11
11,nan
8,1
27,nan
31,21
18,82
20,nan
5,5
15,15
35,nan
5,5
13,nan
2,2
46,12
77,77
32,10
0,nan
30,12
7,nan
4,4
1,nan
99,99
28,28
5,5
1,nan
9,nan
21,217
7,7
23,23
5,5
nan,nan
11,11
55,5
9,nan
2,2
13,nan
7,7
15,15
3,7
8,8
0,nan
8,nan
nan,nan
22,22
5,nan
11,11
9,12
00,nan
4,nan
12,12
00,10
2,2
4,5
nan,nan
30,nan
1,1
1,nan
2,2
2,nan
00,nan
30,0
8,nan
19,10
11,nan
0,nan
nan,nan
5,5
3,nan
4,4
11,11
1,7
23,10
11,nan
2,2
15,15
77,30
nan,12
8,10
15,nan
10,10
5,10
28,28
2,2
28,nan
5,5
5,nan
11,11
28,288
13,nan
30,3
12,nan
33,nan
2,2
33,nan
00,10
20,20
nan,nan
nan,5
44,nan
33,33
4,4
7,12
nan,nan
21,nan
3,3
5,nan
5,nan
9,10
0,0
34,3
55,55
23,nan
24,5
9,9
8,12
5,10
13,10
41,nan
19,nan
14,14
20,2
21,1
28,nan
25,25
4,1
19,99
8,11
1,2
7,7
5,5
8,nan
1,1
3,3
11,1
2,nan
30,nan
8,7
5,12
40,4
9,9
31,nan
0,11
28,12
2,2
32,12
24,12
14,nan
25,12
nan,nan
20,23
22,nan
23,23
13,15
4,nan
11,11
20,nan
13,13
15,15
9,12
32,nan
11,nan
13,13
44,4
15,15
nan,nan
8,8
30,30
2,2
24,24
5,5
2,12
40,40
15,nan
5,5
10,nan
40,0
8,8
23,nan
10,10
17,nan
1,1
5,nan
99,94
20,25
5,5
nan,1
11,11
23,3
2,nan
28,10
2,2
9,9
10,10
11,nan
25,4
nan,7
14,nan
nan,12
21,nan
22,nan
2,2
45,nan
24,2
1,nan
11,11
2,2
24,nan
0,0
5,5
3,3
23,nan
5,5
5,5
5,5
14,7
1,nan
14,14
00,10
45,45
nan,nan
24,nan
25,nan
0,nan
8,12
17,15
25,nan
21,21
13,3
24,24
12,12
16,10
23,23
43,nan
22,22
33,33
17,17
43,43
8,nan
33,33
24,24
34,34
18,18
26,26
30,nan
7,10
22,9
5,5
22,18
9,nan
13,nan
8,11
23,23
8,nan
7,nan
15,15
5,5
8,8
nan,12
nan,nan
21,nan
nan,12
nan,nan
nan,11
9,8
28,nan
28,nan
1,10
45,12
13,nan
3,10
2,2
22,nan
10,1
22,nan
25,25
0,10
8,8
11,nan
4,nan
0,10
32,10
3,3
14,14
3,12
6,nan
nan,nan
8,nan
32,12
13,9
9,21
nan,12
13,15
nan,12
25,95
43,43
77,nan
13,13
30,nan
2,2
7,nan
5,5
13,13
23,23
14,14
2,12
28,2
13,13
2,2
4,4
10,10
5,nan
10,10
nan,12
5,nan
24,10
8,8
5,12
nan,12
30,3
15,15
35,nan
33,33
13,nan
13,nan
8,5
23,5
9,9
9,nan
21,21
22,nan
77,nan
8,8
22,nan
22,nan
31,31
21,21
2,2
28,28
0,nan
40,10
7,nan
0,1
14,14
0,nan
17,100
33,nan
5,51
32,7
13,13
30,nan
9,9
34,nan
15,35
9,nan
55,nan
nan,10
15,15
2,nan
5,5
6,15
8,nan
55,nan
21,21
7,nan
24,24
0,00
40,nan
2,2
10,10
8,nan
19,19
nan,nan
5,5
14,12
14,10
5,5
28,28
1,1
0,nan
3,3
9,9
25,nan
34,nan
12,nan
0,10
10,nan
2,nan
2,10
0,nan
6,6
1,11
2,nan
nan,nan
10,10
36,36
0,nan
8,11
33,53
19,nan
nan,12
12,nan
nan,nan
12,nan
nan,nan
1,nan
1,1
18,nan
43,4
77,7
9,9
11,nan
26,nan
0,0
14,nan
9,50
42,42
24,24
8,nan
20,12
2,2
0,nan
22,nan
9,12
1,1
4,10
33,12
19,19
9,nan
3,10
14,14
7,11
20,20
23,23
34,34
00,00
2,nan
32,22
15,15
23,27
00,00
5,22
44,77
33,nan
2,12
13,12
8,8
20,nan
9,12
nan,nan
0,0
9,12
5,2
12,12
4,nan
22,22
nan,nan
22,92
3,3
5,5
12,1234567890123456789012
4,4
0,00
0,00
nan,7
10,5
2,nan
54,54
21,21
2,nan
22,22
0,0
9,nan
9,9
1,nan
22,nan
21,05
55,15
11,11
7,7
30,10
22,25
3,nan
25,25
22,nan
25,11
nan,12
17,nan
13,12
41,nan
30,300
12,nan
14,14
2,2
8,8
34,34
nan,12
8,12
0,17
10,nan
4,12
5,5
5,5
1,12
0,0
1,5
0,1234567890123456789012
5,nan
1,1
30,10
28,nan
4,nan
3,nan
21,1000000000000000000000
0,nan
22,12
9,9
10,10
5,nan
4,4
13,13
7,7
77,7
2,2
30,30
44,nan
12,12
5,nan
31,nan
24,24
1,nan
00,00
13,nan
11,1
17,nan
9,12
4,nan
11,nan
5,10
0,nan
9,5
12,12
34,nan
35,nan
3,nan
1,1
28,nan
17,11
13,13
36,35
nan,nan
55,nan
5,10
11,11
1,1
9,9
14,11
4,4
10,10
7,2
5,nan
21,21
5,10
2,nan
5,10
20,20
31,21
00,nan
32,nan
15,15
nan,10
18,18
2,12
14,14
11,11
15,15
1,nan
8,nan
45,nan
10,10
9,9
00,1
2,12
24,10
4,10
30,30
32,32
9,12
22,nan
2,21
1,1
12,nan
5,nan
nan,12
22,32
12,nan
34,34
25,25
13,nan
5,5
28,10
12,12
10,4
nan,12
5,5
22,nan
8,10
1,nan
28,nan
0,12
44,11
3,nan
99,5
23,nan
10,10
1,1
1,12
0,0
13,10
22,12
nan,10
21,21
2,1
8,10
nan,nan
55,5
8,8
31,31
31,31
24,nan
0,12
2,nan
nan,10
1,7
33,33
21,nan
11,11
44,44
1,nan
5,nan
23,23
33,12
3,3
23,10
13,nan
3,3
nan,nan
nan,12
23,23
15,15
3,7
11,nan
10,10
3,nan
nan,10
3,nan
8,8
50,50
13,7
10,10
32,nan
27,nan
22,nan
7,1
28,nan
0,0
0,11
23,nan
2,2
8,nan
4,4
8,nan
22,22
5,5
9,nan
0,nan
10,nan
9,nan
13,13
15,15
32,nan
26,26
8,8
13,nan
40,nan
14,4
35,35
4,nan
11,77
7,nan
28,28
33,10
11,nan
25,2
5,7
40,nan
1,12
44,nan
22,22
11,11
7,nan
13,13
21,nan
24,nan
12,12
13,13
13,nan
8,nan
nan,nan
22,nan
15,15
15,12
24,2
23,nan
7,nan
3,nan
3,3
35,nan
9,9
2,2
4,4
25,nan
8,nan
nan,2
11,1
7,nan
00,12
77,77
31,22
11,10
8,8
3,99
5,nan
9,11
2,12
35,nan
13,13
1,nan
5,5
nan,nan
33,33
26,2
20,nan
1,1
7,77
11,10
15,nan
5,12
15,15
13,nan
4,10
32,12
5,nan
4,4
0,10
13,nan
12,28
40,nan
nan,12
77,nan
10,12
33,nan
32,nan
9,9
1,nan
4,12
1,nan
4,nan
5,5
33,10
25,25
10,10
9,9
7,nan
8,8
1,11
5,nan
nan,10
12,12
1,nan
14,12
11,11
4,1
32,32
30,30
5,5
5,5
3,3
11,nan
9,nan
nan,nan
13,13
21,20
0,0
0,nan
11,11
4,4
nan,10
9,nan
15,5
40,40
1,1
13,nan
7,1
26,nan
9,nan
8,11
00,nan
5,nan
13,nan
nan,100
7,7
5,12
22,nan
12,nan
9,12
9,9
nan,15
34,34
5,5
8,12
25,25
nan,12
5,nan
4,4
12,0
6,5
00,nan
nan,10
18,18
5,5
8,8
nan,12
1,7
2,nan
21,nan
1,nan
30,10
40,40
4,4
8,8
41,41
10,nan
45,45
13,13
0,nan
21,21
41,41
11,11
9,nan
10,10
0,nan
5,12
42,nan
nan,12
2,2
7,nan
3,3
3,10
55,nan
5,nan
0,8
4,4
30,12
4,4
12,12
14,nan
5,nan
nan,12
32,32
11,nan
0,nan
0,nan
10,10
2,2
24,24
14,10
8,8
25,nan
8,nan
00,0
44,12
nan,nan
nan,nan
17,12
13,13
33,33
nan,12
46,46
11,nan
0,nan
9,9
11,11
35,35
9,12
5,5
2,nan
10,15
5,nan
7,nan
3,3
15,15
1,1
1,nan
0,1
0,4
7,12
1,10
1,10
23,23
4,10
nan,nan
00,nan
22,nan
15,nan
5,5
28,28
13,13
9,nan
7,9
10,10
13,nan
0,nan
55,1
11,10
7,7
24,nan
10,10
24,20
00,00
1,nan
11,nan
25,25
9,nan
8,nan
55,55
2,2
nan,nan
23,23
nan,12
7,7
nan,nan
50,50
25,25
22,22
14,nan
3,nan
11,10
nan,12
8,8
21,21
0,0
nan,nan
45,45
11,nan
23,2
24,24
5,12
2,nan
nan,nan
12,12
13,11
00,1
nan,11
41,nan
24,24
0,nan
14,14
12,12
0,12
3,3
9,nan
5,5
17,12
44,nan
55,55
13,nan
5,5
2,nan
4,4
27,3
12,5
20,nan
0,12
2,2
40,10
7,11
21,nan
15,nan
nan,nan
30,nan
13,3
13,13
25,25
8,8
3,nan
45,nan
5,nan
1,nan
15,nan
2,nan
24,2
26,nan
40,nan
8,nan
1,nan
4,5
13,3
55,55
11,10
14,nan
12,nan
33,10
24,nan
00,00
0,nan
24,nan
9,nan
2,nan
30,nan
7,nan
13,3
1,9
12,12
8,8
23,23
1,3
nan,12
23,23
20,20
nan,10
11,nan
31,nan
1,1
8,nan
00,00
10,10
2,21
2,10
0,nan
42,41
13,nan
7,7
44,nan
nan,nan
10,10
30,nan
13,nan
12,12
5,nan
13,nan
23,23
11,nan
8,8
9,nan
24,24
22,nan
7,7
7,10
7,12
10,10
1,nan
31,3
23,12
00,11
8,nan
nan,10
15,15
22,15
00,11
10,nan
33,nan
5,nan
15,15
5,nan
2,nan
1,12
20,nan
00,25
23,23
23,23
25,nan
30,30
33,nan
7,12
45,2
41,12
45,24
12,nan
2,2
22,10
22,nan
5,12
nan,12
23,12
10,nan
7,7
nan,nan
33,3
40,nan
5,7
1,4
0,1
30,12
nan,10
11,nan
0,nan
22,22
1,nan
nan,10
13,10
15,15
9,35
44,44
00,00
3,3
13,nan
0,12
22,nan
45,45
0,nan
4,4
4,12
2,2
22,22
99,9999999999999999999999
21,21
13,nan
21,21
15,15
17,nan
77,7
1,1
1,nan
7,7
8,8
nan,10
10,11
14,nan
33,nan
8,nan
nan,nan
5,5
0,12
nan,nan
nan,12
33,33
5,12
00,nan
4,4
42,10
7,nan
28,28
28,nan
7,nan
30,12
7,nan
14,12
30,nan
nan,12
11,nan
7,11
2,nan
9,5
5,7
9,nan
1,1
8,10
3,3
34,nan
28,12
00,nan
1,nan
24,24
15,2
2,nan
22,22
18,18
10,10
17,nan
28,nan
1,1
22,2
4,28
7,10
7,nan
33,nan
9,nan
7,10
21,21
4,4
13,13
2,12
44,nan
24,20
3,3
34,nan
8,8
33,15
22,22
34,34
40,nan
2,2
18,nan
20,20
25,nan
2,2
7,nan
10,10
5,nan
4,4
2,nan
23,nan
11,nan
30,30
0,nan
10,nan
00,nan
8,10
2,7
23,23
1,nan
22,nan
9,9
18,nan
22,nan
19,12
9,9
28,28
19,19
1,1
30,nan
5,nan
3,33
15,nan
8,8
11,11
16,nan
35,8
34,nan
nan,nan
25,nan
17,12
34,nan
25,33
44,nan
7,7
5,5
33,nan
2,12
nan,nan
20,20
nan,12
2,2
2,nan
3,3
30,12
23,12
0,nan
44,nan
3,12
11,12
0,20
32,nan
9,nan
13,13
8,11
34,34
5,5
21,12
2,2
4,nan
25,25
0,nan
5,5
26,nan
nan,12
12,12
13,13
7,12
25,nan
9,nan
11,11
45,nan
nan,1
30,30
40,40
11,nan
4,nan
13,13
9,nan
22,22
1,11
36,36
7,nan
8,7
24,24
31,nan
0,nan
12,nan
9,10
3,nan
26,26
32,32
17,17
1,1
32,32
12,nan
22,nan
15,12
13,13
17,17
11,11
8,8
9,10
9,9
2,nan
10,nan
11,10
21,12
1,nan
4,4
10,nan
nan,nan
7,nan
23,23
15,15
25,nan
25,12
9,9
11,nan
11,20
34,34
12,nan
23,22
0,nan
33,33
17,17
nan,12
36,36
1,1
14,12
27,nan
13,13
33,33
24,94
2,nan
9,nan
22,22
15,nan
7,72
8,nan
4,nan
nan,12
13,nan
nan,4
20,nan
25,nan
42,42
34,21
7,7
3,3
4,nan
8,8
15,15
25,2
14,7
nan,12
45,nan
32,10
00,00
7,nan
14,14
28,28
2,2
1,nan
99,99
nan,12
9,9
14,14
22,22
30,30
17,10
21,nan
10,10
0,0
31,31
0,0
15,nan
17,nan
42,10
14,nan
8,13
9,10
25,25
11,7
22,nan
25,5
9,23
13,3
26,nan
5,5
3,nan
2,12
40,nan
nan,10
4,4
20,10
3,3
8,1000000000000000000000
8,12
3,12
40,20
8,12
22,nan
2,2
21,21
1,1
18,18
13,13
2,11
4,9
10,10
13,12
10,nan
16,78
5,nan
10,10
0,0
13,13
4,4
0,nan
0,12
8,12
nan,1
16,nan
25,25
2,2
5,nan
3,nan
1,1
9,nan
nan,nan
8,2
10,nan
17,12
7,7
15,nan
35,nan
7,7
4,4
20,21
9,9
10,10
2,nan
5,5
34,nan
nan,12
4,4
2,22
30,300
9,nan
9,9
14,nan
22,22
30,30
0,nan
14,12
00,nan
00,nan
nan,10
22,nan
10,nan
3,nan
40,12
10,1
11,101
10,nan
1,nan
23,23
0,10
23,1
9,9
30,nan
3,nan
44,nan
6,6
23,23
2,nan
4,4
0,nan
1,nan
0,10
19,199
27,nan
22,12
8,8
nan,10
9,nan
7,7
21,21
23,27
25,nan
5,5
nan,nan
7,7
15,15
28,28
23,23
nan,5
1,1
8,nan
27,27
25,nan
3,nan
8,8
14,14
2,10
5,nan
44,44
8,8
25,25
nan,12
45,45
32,32
17,17
20,20
7,5
8,nan
21,nan
34,44
9,9
33,33
5,12
3,3
0,nan
21,21
18,11
2,22
2,2
9,9
8,8
9,nan
20,20
3,nan
8,nan
7,10
30,30
17,nan
77,nan
nan,11
8,5
12,nan
1,nan
24,20
2,2
42,42
5,nan
13,13
11,11
23,3
32,nan
14,14
22,12
40,40
33,35
40,12
nan,15
26,26
25,2
12,12
23,12
1,nan
34,34
nan,nan
23,3
5,5
44,44
1,1
15,21
5,5
24,24
nan,7
4,4
20,20
30,12
19,19
5,nan
nan,nan
15,15
0,1
5,5
13,nan
11,11
2,2
10,nan
5,5
21,27
4,4
17,5
8,nan
30,30
00,0
7,7
nan,12
20,10
3,10
14,nan
35,35
11,11
17,nan
3,3
14,nan
2,2
8,12
5,22
2,2
24,42
0,0
9,nan
16,nan
3,3
55,55
2,2
32,32
2,2
23,12
30,50
11,nan
33,3
8,8
4,4
77,12
30,10
55,55
25,25
34,nan
30,10
15,nan
3,nan
5,5
nan,10
30,35
5,5
20,nan
22,nan
41,nan
77,77
10,nan
5,nan
3,nan
22,22
7,nan
3,3
7,nan
1,1
13,10
11,1
5,12
20,12
0,10
10,10
23,12
nan,nan
9,12
10,10
4,4
20,nan
23,23
41,12
1,1
55,nan
33,nan
9,nan
30,30
55,55
00,nan
2,2
22,nan
1,1
25,12
5,11
1,nan
25,25
2,2
nan,nan
5,10
10,10
4,15
32,32
5,5
5,12
40,nan
nan,nan
9,9
21,nan
23,nan
32,32
7,nan
8,0
nan,10
25,nan
14,nan
45,nan
1,nan
19,nan
3,3
7,7
22,nan
5,nan
0,0
0,nan
nan,12
00,00
32,nan
3,10
7,nan
22,22
33,11
34,nan
nan,nan
nan,nan
19,nan
12,10
11,12
15,nan
8,8
2,7
11,11
55,55
42,42
9,9
3,12
20,20
15,nan
2,2
10,15
2,nan
25,35
30,nan
15,nan
2,nan
13,nan
2,2
30,12
3,nan
2,nan
7,nan
30,12
7,10
3,1
9,30
5,5
2,nan
40,40
55,55
10,nan
2,1
3,3
2,32
25,nan
40,nan
22,nan
8,8
9,9
1,1
5,nan
2,nan
9,99
11,11
0,nan
8,8
1,7
3,3
nan,12
7,7
1,1
8,9
55,55
30,30
45,nan
36,nan
00,12
15,16
1,nan
23,23
0,0
19,1
7,nan
1,nan
28,28
2,nan
15,15
22,nan
nan,12
18,10
nan,nan
15,15
3,nan
0,nan
nan,1
1,nan
11,nan
4,nan
5,10
35,nan
7,nan
5,5
9,9
nan,11
0,0
4,4
22,10
10,10
00,nan
30,12
30,300
23,nan
4,4
33,nan
32,32
5,5
3,12
6,6
1,1
34,nan
1,nan
nan,nan
8,7
34,31
2,nan
nan,12
0,nan
14,4
10,nan
nan,5
17,10
25,25
5,12
5,10
10,10
10,10
4,4
2,2
14,14
22,nan
15,15
32,12
nan,nan
20,nan
14,10
5,11
5,55
9,10
14,14
8,8
22,1
33,1
11,nan
22,10
11,11
nan,12
5,nan
8,18
9,12
99,99
22,nan
14,11
5,5
0,0
1,1
0,nan
2,2
15,nan
44,2
3,nan
8,nan
nan,nan
20,20
3,3
55,55
9,nan
00,nan
2,nan
00,nan
22,7
9,nan
8,12
5,25
3,3
4,nan
0,nan
9,9
1,11
45,45
8,nan
18,10
00,nan
32,nan
25,nan
14,14
20,5
2,2
5,5
44,nan
0,0
22,12
0,nan
5,12
31,31
1,11
25,25
3,10
18,18
0,nan
7,7
3,nan
nan,12
9,12
9,9
13,13
nan,12
0,10
nan,12
14,14
21,21
nan,21
3,39
2,nan
2,2
26,26
22,22
55,12
3,nan
34,10
25,7
8,8
24,7
45,5
2,2
5,12
4,nan
22,7
1,22
8,nan
32,10
2,2
10,22
7,10
9,nan
nan,12
23,23
8,8
2,3
30,nan
2,2
00,nan
3,3
23,23
4,4
10,10
20,20
nan,nan
11,nan
23,23
3,12
5,12
nan,10
44,nan
41,nan
2,nan
0,nan
55,56
1,nan
35,35
24,nan
55,55
7,7
12,12
2,1
8,8
4,4
36,nan
4,nan
nan,12
12,12
13,13
13,nan
0,nan
13,nan
30,12
17,10
41,nan
7,7
20,nan
33,11
17,nan
20,nan
3,nan
5,12
24,24
26,26
0,0
nan,10
4,nan
2,2
nan,nan
9,9
10,10
4,4
24,2
77,nan
9,9
5,55
1,1
20,5
27,27
8,nan
5,12
20,nan
24,nan
34,8
4,4
13,nan
3,nan
5,5
17,17
5,5
26,2
34,34
8,8
12,12
0,nan
2,12
14,nan
13,nan
8,8
22,nan
2,nan
3,23
17,4
13,nan
0,nan
10,10
28,nan
9,nan
